wavelength,mua1,mua2
633,0.082666667,1.23
700,0.16,0.48
750,0.11,0.41
800,0.09,0.28
850,0.11,0.3
900,0.15,0.32
950,0.26,0.46
1000,0.210666667,0.51
